dataset,seed,comparison,metric,F1,F2,difference
BRIGHTER,0,F2_minus_F1,macro_f1,0.1472509777896161,0.1472509777896161,0.0
BRIGHTER,0,F2_minus_F1,micro_f1,0.442324124181145,0.442324124181145,0.0
BRIGHTER,0,F2_minus_F1,exact_match,0.1248191027496382,0.1248191027496382,0.0
BRIGHTER,1,F2_minus_F1,macro_f1,0.1427900422733677,0.1427900422733677,0.0
BRIGHTER,1,F2_minus_F1,micro_f1,0.4388941023604995,0.4388941023604995,0.0
BRIGHTER,1,F2_minus_F1,exact_match,0.1246382054992764,0.1246382054992764,0.0
BRIGHTER,2,F2_minus_F1,macro_f1,0.0606674618361169,0.0606674618361169,0.0
BRIGHTER,2,F2_minus_F1,micro_f1,0.0963346361043625,0.0963346361043625,0.0
BRIGHTER,2,F2_minus_F1,exact_match,0.1005788712011577,0.1005788712011577,0.0
BRIGHTER,3,F2_minus_F1,macro_f1,0.0634790528233151,0.0634790528233151,0.0
BRIGHTER,3,F2_minus_F1,micro_f1,0.1214497299181042,0.1214497299181042,0.0
BRIGHTER,3,F2_minus_F1,exact_match,0.125,0.125,0.0
BRIGHTER,4,F2_minus_F1,macro_f1,0.1231316107155151,0.1231316107155151,0.0
BRIGHTER,4,F2_minus_F1,micro_f1,0.2601805278026597,0.2601805278026597,0.0
BRIGHTER,4,F2_minus_F1,exact_match,0.0461287988422575,0.0461287988422575,0.0
BRIGHTER,5,F2_minus_F1,macro_f1,0.1457158610398847,0.1457158610398847,0.0
BRIGHTER,5,F2_minus_F1,micro_f1,0.4432037792570324,0.4432037792570324,0.0
BRIGHTER,5,F2_minus_F1,exact_match,0.1257235890014471,0.1257235890014471,0.0
BRIGHTER,6,F2_minus_F1,macro_f1,0.1412544378698224,0.1412544378698224,0.0
BRIGHTER,6,F2_minus_F1,micro_f1,0.4329343489299964,0.4329343489299964,0.0
BRIGHTER,6,F2_minus_F1,exact_match,0.1242764109985528,0.1242764109985528,0.0
BRIGHTER,7,F2_minus_F1,macro_f1,0.1415630822404839,0.1415630822404839,0.0
BRIGHTER,7,F2_minus_F1,micro_f1,0.3908387399359024,0.3908387399359024,0.0
BRIGHTER,7,F2_minus_F1,exact_match,0.1336830680173661,0.1336830680173661,0.0
BRIGHTER,8,F2_minus_F1,macro_f1,0.1862573289699676,0.1862573289699676,0.0
BRIGHTER,8,F2_minus_F1,micro_f1,0.4518343991921912,0.4518343991921912,0.0
BRIGHTER,8,F2_minus_F1,exact_match,0.125,0.125,0.0
BRIGHTER,9,F2_minus_F1,macro_f1,0.1648178994570499,0.1648178994570499,0.0
BRIGHTER,9,F2_minus_F1,micro_f1,0.4199190517490604,0.4199190517490604,0.0
BRIGHTER,9,F2_minus_F1,exact_match,0.1146888567293777,0.1146888567293777,0.0
ISEAR,0,F2_minus_F1,macro_f1,0.0026490066225165,0.0026490066225165,0.0
ISEAR,0,F2_minus_F1,micro_f1,0.0030911901081916,0.0030911901081916,0.0
ISEAR,0,F2_minus_F1,exact_match,0.0015503875968992,0.0015503875968992,0.0
ISEAR,1,F2_minus_F1,macro_f1,0.0,0.0,0.0
ISEAR,1,F2_minus_F1,micro_f1,0.0,0.0,0.0
ISEAR,1,F2_minus_F1,exact_match,0.0,0.0,0.0
ISEAR,2,F2_minus_F1,macro_f1,0.0502847650688182,0.0502847650688182,0.0
ISEAR,2,F2_minus_F1,micro_f1,0.109090909090909,0.109090909090909,0.0
ISEAR,2,F2_minus_F1,exact_match,0.0744186046511627,0.0744186046511627,0.0
ISEAR,3,F2_minus_F1,macro_f1,0.0304932735426008,0.0304932735426008,0.0
ISEAR,3,F2_minus_F1,micro_f1,0.0487106017191977,0.0487106017191977,0.0
ISEAR,3,F2_minus_F1,exact_match,0.0263565891472868,0.0263565891472868,0.0
ISEAR,4,F2_minus_F1,macro_f1,0.0,0.0,0.0
ISEAR,4,F2_minus_F1,micro_f1,0.0,0.0,0.0
ISEAR,4,F2_minus_F1,exact_match,0.0,0.0,0.0
GoEmotions,0,F2_minus_F1,macro_f1,0.0025316455696202,0.0025316455696202,0.0
GoEmotions,0,F2_minus_F1,micro_f1,0.0027173913043478,0.0027173913043478,0.0
GoEmotions,0,F2_minus_F1,exact_match,0.0013831258644536,0.0013831258644536,0.0
GoEmotions,1,F2_minus_F1,macro_f1,0.0,0.0,0.0
GoEmotions,1,F2_minus_F1,micro_f1,0.0,0.0,0.0
GoEmotions,1,F2_minus_F1,exact_match,0.0,0.0,0.0
GoEmotions,2,F2_minus_F1,macro_f1,0.0,0.0,0.0
GoEmotions,2,F2_minus_F1,micro_f1,0.0,0.0,0.0
GoEmotions,2,F2_minus_F1,exact_match,0.0,0.0,0.0
GoEmotions,3,F2_minus_F1,macro_f1,0.0,0.0,0.0
GoEmotions,3,F2_minus_F1,micro_f1,0.0,0.0,0.0
GoEmotions,3,F2_minus_F1,exact_match,0.0,0.0,0.0
GoEmotions,4,F2_minus_F1,macro_f1,0.0027586206896551,0.0027586206896551,0.0
GoEmotions,4,F2_minus_F1,micro_f1,0.002710027100271,0.002710027100271,0.0
GoEmotions,4,F2_minus_F1,exact_match,0.0013831258644536,0.0013831258644536,0.0
